{
	"version":"Sample 1.0.0",
	"model":"ikachan.moc",
	"textures":[
		"ikachan.1024/texture_00.png"
	],
	"expressions":[
	],
	"motions":{
		"idle":[
			{"file":"motions/m00.mtn"},
			{"file":"motions/m01.mtn"},
			{"file":"motions/m02.mtn"},
			{"file":"motions/m03.mtn"},
			{"file":"motions/m04.mtn"},
			{"file":"motions/s001.mtn"},
			{"file":"motions/s002.mtn"},
			{"file":"motions/s003.mtn"},
			{"file":"motions/s004.mtn"},
			{"file":"motions/s005.mtn"},
			{"file":"motions/s006.mtn"},
			{"file":"motions/s007.mtn"},
			{"file":"motions/s008.mtn"},
			{"file":"motions/s009.mtn"}
		],
		"":[
			{"file":"motions/m10.mtn"},
			{"file":"motions/m11.mtn"},
			{"file":"motions/m20.mtn"},
			{"file":"motions/m21.mtn"}
		]
	},
	"physics":"ikachan.physics.json"
}